month,cpi,source
1947-01,21.480,FRED:CPIAUCSL
1947-02,21.620,FRED:CPIAUCSL
1947-03,22.000,FRED:CPIAUCSL
1947-04,22.000,FRED:CPIAUCSL
1947-05,21.950,FRED:CPIAUCSL
1947-06,22.080,FRED:CPIAUCSL
1947-07,22.230,FRED:CPIAUCSL
1947-08,22.400,FRED:CPIAUCSL
1947-09,22.840,FRED:CPIAUCSL
1947-10,22.910,FRED:CPIAUCSL
1947-11,23.060,FRED:CPIAUCSL
1947-12,23.410,FRED:CPIAUCSL
1948-01,23.680,FRED:CPIAUCSL
1948-02,23.670,FRED:CPIAUCSL
1948-03,23.500,FRED:CPIAUCSL
1948-04,23.820,FRED:CPIAUCSL
1948-05,24.010,FRED:CPIAUCSL
1948-06,24.150,FRED:CPIAUCSL
1948-07,24.400,FRED:CPIAUCSL
1948-08,24.430,FRED:CPIAUCSL
1948-09,24.360,FRED:CPIAUCSL
1948-10,24.310,FRED:CPIAUCSL
1948-11,24.160,FRED:CPIAUCSL
1948-12,24.050,FRED:CPIAUCSL
1949-01,24.010,FRED:CPIAUCSL
1949-02,23.910,FRED:CPIAUCSL
1949-03,23.910,FRED:CPIAUCSL
1949-04,23.920,FRED:CPIAUCSL
1949-05,23.910,FRED:CPIAUCSL
1949-06,23.920,FRED:CPIAUCSL
1949-07,23.700,FRED:CPIAUCSL
1949-08,23.700,FRED:CPIAUCSL
1949-09,23.750,FRED:CPIAUCSL
1949-10,23.670,FRED:CPIAUCSL
1949-11,23.700,FRED:CPIAUCSL
1949-12,23.610,FRED:CPIAUCSL
1950-01,23.510,FRED:CPIAUCSL
1950-02,23.610,FRED:CPIAUCSL
1950-03,23.640,FRED:CPIAUCSL
1950-04,23.650,FRED:CPIAUCSL
1950-05,23.770,FRED:CPIAUCSL
1950-06,23.880,FRED:CPIAUCSL
1950-07,24.070,FRED:CPIAUCSL
1950-08,24.200,FRED:CPIAUCSL
1950-09,24.340,FRED:CPIAUCSL
1950-10,24.500,FRED:CPIAUCSL
1950-11,24.600,FRED:CPIAUCSL
1950-12,24.980,FRED:CPIAUCSL
1951-01,25.380,FRED:CPIAUCSL
1951-02,25.830,FRED:CPIAUCSL
1951-03,25.880,FRED:CPIAUCSL
1951-04,25.920,FRED:CPIAUCSL
1951-05,25.990,FRED:CPIAUCSL
1951-06,25.930,FRED:CPIAUCSL
1951-07,25.910,FRED:CPIAUCSL
1951-08,25.860,FRED:CPIAUCSL
1951-09,26.030,FRED:CPIAUCSL
1951-10,26.160,FRED:CPIAUCSL
1951-11,26.320,FRED:CPIAUCSL
1951-12,26.470,FRED:CPIAUCSL
1952-01,26.450,FRED:CPIAUCSL
1952-02,26.410,FRED:CPIAUCSL
1952-03,26.390,FRED:CPIAUCSL
1952-04,26.460,FRED:CPIAUCSL
1952-05,26.470,FRED:CPIAUCSL
1952-06,26.530,FRED:CPIAUCSL
1952-07,26.680,FRED:CPIAUCSL
1952-08,26.690,FRED:CPIAUCSL
1952-09,26.630,FRED:CPIAUCSL
1952-10,26.690,FRED:CPIAUCSL
1952-11,26.690,FRED:CPIAUCSL
1952-12,26.710,FRED:CPIAUCSL
1953-01,26.640,FRED:CPIAUCSL
1953-02,26.590,FRED:CPIAUCSL
1953-03,26.630,FRED:CPIAUCSL
1953-04,26.690,FRED:CPIAUCSL
1953-05,26.700,FRED:CPIAUCSL
1953-06,26.770,FRED:CPIAUCSL
1953-07,26.790,FRED:CPIAUCSL
1953-08,26.850,FRED:CPIAUCSL
1953-09,26.890,FRED:CPIAUCSL
1953-10,26.950,FRED:CPIAUCSL
1953-11,26.850,FRED:CPIAUCSL
1953-12,26.870,FRED:CPIAUCSL
1954-01,26.940,FRED:CPIAUCSL
1954-02,26.990,FRED:CPIAUCSL
1954-03,26.930,FRED:CPIAUCSL
1954-04,26.860,FRED:CPIAUCSL
1954-05,26.930,FRED:CPIAUCSL
1954-06,26.940,FRED:CPIAUCSL
1954-07,26.860,FRED:CPIAUCSL
1954-08,26.850,FRED:CPIAUCSL
1954-09,26.810,FRED:CPIAUCSL
1954-10,26.720,FRED:CPIAUCSL
1954-11,26.780,FRED:CPIAUCSL
1954-12,26.770,FRED:CPIAUCSL
1955-01,26.770,FRED:CPIAUCSL
1955-02,26.820,FRED:CPIAUCSL
1955-03,26.790,FRED:CPIAUCSL
1955-04,26.790,FRED:CPIAUCSL
1955-05,26.770,FRED:CPIAUCSL
1955-06,26.710,FRED:CPIAUCSL
1955-07,26.760,FRED:CPIAUCSL
1955-08,26.720,FRED:CPIAUCSL
1955-09,26.850,FRED:CPIAUCSL
1955-10,26.820,FRED:CPIAUCSL
1955-11,26.880,FRED:CPIAUCSL
1955-12,26.870,FRED:CPIAUCSL
1956-01,26.830,FRED:CPIAUCSL
1956-02,26.860,FRED:CPIAUCSL
1956-03,26.890,FRED:CPIAUCSL
1956-04,26.930,FRED:CPIAUCSL
1956-05,27.030,FRED:CPIAUCSL
1956-06,27.150,FRED:CPIAUCSL
1956-07,27.290,FRED:CPIAUCSL
1956-08,27.310,FRED:CPIAUCSL
1956-09,27.350,FRED:CPIAUCSL
1956-10,27.510,FRED:CPIAUCSL
1956-11,27.510,FRED:CPIAUCSL
1956-12,27.630,FRED:CPIAUCSL
1957-01,27.670,FRED:CPIAUCSL
1957-02,27.800,FRED:CPIAUCSL
1957-03,27.860,FRED:CPIAUCSL
1957-04,27.930,FRED:CPIAUCSL
1957-05,28.000,FRED:CPIAUCSL
1957-06,28.110,FRED:CPIAUCSL
1957-07,28.190,FRED:CPIAUCSL
1957-08,28.280,FRED:CPIAUCSL
1957-09,28.320,FRED:CPIAUCSL
1957-10,28.320,FRED:CPIAUCSL
1957-11,28.410,FRED:CPIAUCSL
1957-12,28.470,FRED:CPIAUCSL
1958-01,28.640,FRED:CPIAUCSL
1958-02,28.700,FRED:CPIAUCSL
1958-03,28.870,FRED:CPIAUCSL
1958-04,28.940,FRED:CPIAUCSL
1958-05,28.940,FRED:CPIAUCSL
1958-06,28.910,FRED:CPIAUCSL
1958-07,28.890,FRED:CPIAUCSL
1958-08,28.940,FRED:CPIAUCSL
1958-09,28.910,FRED:CPIAUCSL
1958-10,28.910,FRED:CPIAUCSL
1958-11,28.950,FRED:CPIAUCSL
1958-12,28.970,FRED:CPIAUCSL
1959-01,29.010,FRED:CPIAUCSL
1959-02,29.000,FRED:CPIAUCSL
1959-03,28.970,FRED:CPIAUCSL
1959-04,28.980,FRED:CPIAUCSL
1959-05,29.040,FRED:CPIAUCSL
1959-06,29.110,FRED:CPIAUCSL
1959-07,29.150,FRED:CPIAUCSL
1959-08,29.180,FRED:CPIAUCSL
1959-09,29.250,FRED:CPIAUCSL
1959-10,29.350,FRED:CPIAUCSL
1959-11,29.350,FRED:CPIAUCSL
1959-12,29.410,FRED:CPIAUCSL
1960-01,29.370,FRED:CPIAUCSL
1960-02,29.410,FRED:CPIAUCSL
1960-03,29.410,FRED:CPIAUCSL
1960-04,29.540,FRED:CPIAUCSL
1960-05,29.570,FRED:CPIAUCSL
1960-06,29.610,FRED:CPIAUCSL
1960-07,29.550,FRED:CPIAUCSL
1960-08,29.610,FRED:CPIAUCSL
1960-09,29.610,FRED:CPIAUCSL
1960-10,29.750,FRED:CPIAUCSL
1960-11,29.780,FRED:CPIAUCSL
1960-12,29.810,FRED:CPIAUCSL
1961-01,29.840,FRED:CPIAUCSL
1961-02,29.840,FRED:CPIAUCSL
1961-03,29.840,FRED:CPIAUCSL
1961-04,29.810,FRED:CPIAUCSL
1961-05,29.840,FRED:CPIAUCSL
1961-06,29.840,FRED:CPIAUCSL
1961-07,29.920,FRED:CPIAUCSL
1961-08,29.940,FRED:CPIAUCSL
1961-09,29.980,FRED:CPIAUCSL
1961-10,29.980,FRED:CPIAUCSL
1961-11,29.980,FRED:CPIAUCSL
1961-12,30.010,FRED:CPIAUCSL
1962-01,30.040,FRED:CPIAUCSL
1962-02,30.110,FRED:CPIAUCSL
1962-03,30.170,FRED:CPIAUCSL
1962-04,30.210,FRED:CPIAUCSL
1962-05,30.240,FRED:CPIAUCSL
1962-06,30.210,FRED:CPIAUCSL
1962-07,30.220,FRED:CPIAUCSL
1962-08,30.280,FRED:CPIAUCSL
1962-09,30.420,FRED:CPIAUCSL
1962-10,30.380,FRED:CPIAUCSL
1962-11,30.380,FRED:CPIAUCSL
1962-12,30.380,FRED:CPIAUCSL
1963-01,30.440,FRED:CPIAUCSL
1963-02,30.480,FRED:CPIAUCSL
1963-03,30.510,FRED:CPIAUCSL
1963-04,30.480,FRED:CPIAUCSL
1963-05,30.510,FRED:CPIAUCSL
1963-06,30.610,FRED:CPIAUCSL
1963-07,30.690,FRED:CPIAUCSL
1963-08,30.750,FRED:CPIAUCSL
1963-09,30.720,FRED:CPIAUCSL
1963-10,30.750,FRED:CPIAUCSL
1963-11,30.780,FRED:CPIAUCSL
1963-12,30.880,FRED:CPIAUCSL
1964-01,30.940,FRED:CPIAUCSL
1964-02,30.910,FRED:CPIAUCSL
1964-03,30.940,FRED:CPIAUCSL
1964-04,30.950,FRED:CPIAUCSL
1964-05,30.980,FRED:CPIAUCSL
1964-06,31.010,FRED:CPIAUCSL
1964-07,31.020,FRED:CPIAUCSL
1964-08,31.050,FRED:CPIAUCSL
1964-09,31.080,FRED:CPIAUCSL
1964-10,31.120,FRED:CPIAUCSL
1964-11,31.210,FRED:CPIAUCSL
1964-12,31.250,FRED:CPIAUCSL
1965-01,31.280,FRED:CPIAUCSL
1965-02,31.280,FRED:CPIAUCSL
1965-03,31.310,FRED:CPIAUCSL
1965-04,31.380,FRED:CPIAUCSL
1965-05,31.480,FRED:CPIAUCSL
1965-06,31.610,FRED:CPIAUCSL
1965-07,31.580,FRED:CPIAUCSL
1965-08,31.550,FRED:CPIAUCSL
1965-09,31.620,FRED:CPIAUCSL
1965-10,31.650,FRED:CPIAUCSL
1965-11,31.750,FRED:CPIAUCSL
1965-12,31.850,FRED:CPIAUCSL
1966-01,31.880,FRED:CPIAUCSL
1966-02,32.080,FRED:CPIAUCSL
1966-03,32.180,FRED:CPIAUCSL
1966-04,32.280,FRED:CPIAUCSL
1966-05,32.350,FRED:CPIAUCSL
1966-06,32.380,FRED:CPIAUCSL
1966-07,32.450,FRED:CPIAUCSL
1966-08,32.650,FRED:CPIAUCSL
1966-09,32.750,FRED:CPIAUCSL
1966-10,32.850,FRED:CPIAUCSL
1966-11,32.880,FRED:CPIAUCSL
1966-12,32.920,FRED:CPIAUCSL
1967-01,32.900,FRED:CPIAUCSL
1967-02,33.000,FRED:CPIAUCSL
1967-03,33.000,FRED:CPIAUCSL
1967-04,33.100,FRED:CPIAUCSL
1967-05,33.100,FRED:CPIAUCSL
1967-06,33.300,FRED:CPIAUCSL
1967-07,33.400,FRED:CPIAUCSL
1967-08,33.500,FRED:CPIAUCSL
1967-09,33.600,FRED:CPIAUCSL
1967-10,33.700,FRED:CPIAUCSL
1967-11,33.900,FRED:CPIAUCSL
1967-12,34.000,FRED:CPIAUCSL
1968-01,34.100,FRED:CPIAUCSL
1968-02,34.200,FRED:CPIAUCSL
1968-03,34.300,FRED:CPIAUCSL
1968-04,34.400,FRED:CPIAUCSL
1968-05,34.500,FRED:CPIAUCSL
1968-06,34.700,FRED:CPIAUCSL
1968-07,34.900,FRED:CPIAUCSL
1968-08,35.000,FRED:CPIAUCSL
1968-09,35.100,FRED:CPIAUCSL
1968-10,35.300,FRED:CPIAUCSL
1968-11,35.400,FRED:CPIAUCSL
1968-12,35.600,FRED:CPIAUCSL
1969-01,35.700,FRED:CPIAUCSL
1969-02,35.800,FRED:CPIAUCSL
1969-03,36.100,FRED:CPIAUCSL
1969-04,36.300,FRED:CPIAUCSL
1969-05,36.400,FRED:CPIAUCSL
1969-06,36.600,FRED:CPIAUCSL
1969-07,36.800,FRED:CPIAUCSL
1969-08,36.900,FRED:CPIAUCSL
1969-09,37.100,FRED:CPIAUCSL
1969-10,37.300,FRED:CPIAUCSL
1969-11,37.500,FRED:CPIAUCSL
1969-12,37.700,FRED:CPIAUCSL
1970-01,37.900,FRED:CPIAUCSL
1970-02,38.100,FRED:CPIAUCSL
1970-03,38.300,FRED:CPIAUCSL
1970-04,38.500,FRED:CPIAUCSL
1970-05,38.600,FRED:CPIAUCSL
1970-06,38.800,FRED:CPIAUCSL
1970-07,38.900,FRED:CPIAUCSL
1970-08,39.000,FRED:CPIAUCSL
1970-09,39.200,FRED:CPIAUCSL
1970-10,39.400,FRED:CPIAUCSL
1970-11,39.600,FRED:CPIAUCSL
1970-12,39.800,FRED:CPIAUCSL
1971-01,39.900,FRED:CPIAUCSL
1971-02,39.900,FRED:CPIAUCSL
1971-03,40.000,FRED:CPIAUCSL
1971-04,40.100,FRED:CPIAUCSL
1971-05,40.300,FRED:CPIAUCSL
1971-06,40.500,FRED:CPIAUCSL
1971-07,40.600,FRED:CPIAUCSL
1971-08,40.700,FRED:CPIAUCSL
1971-09,40.800,FRED:CPIAUCSL
1971-10,40.900,FRED:CPIAUCSL
1971-11,41.000,FRED:CPIAUCSL
1971-12,41.100,FRED:CPIAUCSL
1972-01,41.200,FRED:CPIAUCSL
1972-02,41.400,FRED:CPIAUCSL
1972-03,41.400,FRED:CPIAUCSL
1972-04,41.500,FRED:CPIAUCSL
1972-05,41.600,FRED:CPIAUCSL
1972-06,41.700,FRED:CPIAUCSL
1972-07,41.800,FRED:CPIAUCSL
1972-08,41.900,FRED:CPIAUCSL
1972-09,42.100,FRED:CPIAUCSL
1972-10,42.200,FRED:CPIAUCSL
1972-11,42.400,FRED:CPIAUCSL
1972-12,42.500,FRED:CPIAUCSL
1973-01,42.700,FRED:CPIAUCSL
1973-02,43.000,FRED:CPIAUCSL
1973-03,43.400,FRED:CPIAUCSL
1973-04,43.700,FRED:CPIAUCSL
1973-05,43.900,FRED:CPIAUCSL
1973-06,44.200,FRED:CPIAUCSL
1973-07,44.200,FRED:CPIAUCSL
1973-08,45.000,FRED:CPIAUCSL
1973-09,45.200,FRED:CPIAUCSL
1973-10,45.600,FRED:CPIAUCSL
1973-11,45.900,FRED:CPIAUCSL
1973-12,46.300,FRED:CPIAUCSL
1974-01,46.800,FRED:CPIAUCSL
1974-02,47.300,FRED:CPIAUCSL
1974-03,47.800,FRED:CPIAUCSL
1974-04,48.100,FRED:CPIAUCSL
1974-05,48.600,FRED:CPIAUCSL
1974-06,49.000,FRED:CPIAUCSL
1974-07,49.300,FRED:CPIAUCSL
1974-08,49.900,FRED:CPIAUCSL
1974-09,50.600,FRED:CPIAUCSL
1974-10,51.000,FRED:CPIAUCSL
1974-11,51.500,FRED:CPIAUCSL
1974-12,51.900,FRED:CPIAUCSL
1975-01,52.300,FRED:CPIAUCSL
1975-02,52.600,FRED:CPIAUCSL
1975-03,52.800,FRED:CPIAUCSL
1975-04,53.000,FRED:CPIAUCSL
1975-05,53.100,FRED:CPIAUCSL
1975-06,53.500,FRED:CPIAUCSL
1975-07,54.000,FRED:CPIAUCSL
1975-08,54.200,FRED:CPIAUCSL
1975-09,54.600,FRED:CPIAUCSL
1975-10,54.900,FRED:CPIAUCSL
1975-11,55.300,FRED:CPIAUCSL
1975-12,55.600,FRED:CPIAUCSL
1976-01,55.800,FRED:CPIAUCSL
1976-02,55.900,FRED:CPIAUCSL
1976-03,56.000,FRED:CPIAUCSL
1976-04,56.100,FRED:CPIAUCSL
1976-05,56.400,FRED:CPIAUCSL
1976-06,56.700,FRED:CPIAUCSL
1976-07,57.000,FRED:CPIAUCSL
1976-08,57.300,FRED:CPIAUCSL
1976-09,57.600,FRED:CPIAUCSL
1976-10,57.900,FRED:CPIAUCSL
1976-11,58.100,FRED:CPIAUCSL
1976-12,58.400,FRED:CPIAUCSL
1977-01,58.700,FRED:CPIAUCSL
1977-02,59.300,FRED:CPIAUCSL
1977-03,59.600,FRED:CPIAUCSL
1977-04,60.000,FRED:CPIAUCSL
1977-05,60.200,FRED:CPIAUCSL
1977-06,60.500,FRED:CPIAUCSL
1977-07,60.800,FRED:CPIAUCSL
1977-08,61.100,FRED:CPIAUCSL
1977-09,61.300,FRED:CPIAUCSL
1977-10,61.600,FRED:CPIAUCSL
1977-11,62.000,FRED:CPIAUCSL
1977-12,62.300,FRED:CPIAUCSL
1978-01,62.700,FRED:CPIAUCSL
1978-02,63.000,FRED:CPIAUCSL
1978-03,63.400,FRED:CPIAUCSL
1978-04,63.900,FRED:CPIAUCSL
1978-05,64.500,FRED:CPIAUCSL
1978-06,65.000,FRED:CPIAUCSL
1978-07,65.500,FRED:CPIAUCSL
1978-08,65.900,FRED:CPIAUCSL
1978-09,66.500,FRED:CPIAUCSL
1978-10,67.100,FRED:CPIAUCSL
1978-11,67.500,FRED:CPIAUCSL
1978-12,67.900,FRED:CPIAUCSL
1979-01,68.500,FRED:CPIAUCSL
1979-02,69.200,FRED:CPIAUCSL
1979-03,69.900,FRED:CPIAUCSL
1979-04,70.600,FRED:CPIAUCSL
1979-05,71.400,FRED:CPIAUCSL
1979-06,72.200,FRED:CPIAUCSL
1979-07,73.000,FRED:CPIAUCSL
1979-08,73.700,FRED:CPIAUCSL
1979-09,74.400,FRED:CPIAUCSL
1979-10,75.200,FRED:CPIAUCSL
1979-11,76.000,FRED:CPIAUCSL
1979-12,76.900,FRED:CPIAUCSL
1980-01,78.000,FRED:CPIAUCSL
1980-02,79.000,FRED:CPIAUCSL
1980-03,80.100,FRED:CPIAUCSL
1980-04,80.900,FRED:CPIAUCSL
1980-05,81.700,FRED:CPIAUCSL
1980-06,82.500,FRED:CPIAUCSL
1980-07,82.600,FRED:CPIAUCSL
1980-08,83.200,FRED:CPIAUCSL
1980-09,83.900,FRED:CPIAUCSL
1980-10,84.700,FRED:CPIAUCSL
1980-11,85.600,FRED:CPIAUCSL
1980-12,86.400,FRED:CPIAUCSL
1981-01,87.200,FRED:CPIAUCSL
1981-02,88.000,FRED:CPIAUCSL
1981-03,88.600,FRED:CPIAUCSL
1981-04,89.100,FRED:CPIAUCSL
1981-05,89.700,FRED:CPIAUCSL
1981-06,90.500,FRED:CPIAUCSL
1981-07,91.500,FRED:CPIAUCSL
1981-08,92.200,FRED:CPIAUCSL
1981-09,93.100,FRED:CPIAUCSL
1981-10,93.400,FRED:CPIAUCSL
1981-11,93.800,FRED:CPIAUCSL
1981-12,94.100,FRED:CPIAUCSL
1982-01,94.400,FRED:CPIAUCSL
1982-02,94.700,FRED:CPIAUCSL
1982-03,94.700,FRED:CPIAUCSL
1982-04,95.000,FRED:CPIAUCSL
1982-05,95.900,FRED:CPIAUCSL
1982-06,97.000,FRED:CPIAUCSL
1982-07,97.500,FRED:CPIAUCSL
1982-08,97.700,FRED:CPIAUCSL
1982-09,97.700,FRED:CPIAUCSL
1982-10,98.100,FRED:CPIAUCSL
1982-11,98.000,FRED:CPIAUCSL
1982-12,97.700,FRED:CPIAUCSL
1983-01,97.900,FRED:CPIAUCSL
1983-02,98.000,FRED:CPIAUCSL
1983-03,98.100,FRED:CPIAUCSL
1983-04,98.800,FRED:CPIAUCSL
1983-05,99.200,FRED:CPIAUCSL
1983-06,99.400,FRED:CPIAUCSL
1983-07,99.800,FRED:CPIAUCSL
1983-08,100.100,FRED:CPIAUCSL
1983-09,100.400,FRED:CPIAUCSL
1983-10,100.800,FRED:CPIAUCSL
1983-11,101.100,FRED:CPIAUCSL
1983-12,101.400,FRED:CPIAUCSL
1984-01,102.100,FRED:CPIAUCSL
1984-02,102.600,FRED:CPIAUCSL
1984-03,102.900,FRED:CPIAUCSL
1984-04,103.300,FRED:CPIAUCSL
1984-05,103.500,FRED:CPIAUCSL
1984-06,103.700,FRED:CPIAUCSL
1984-07,104.100,FRED:CPIAUCSL
1984-08,104.400,FRED:CPIAUCSL
1984-09,104.700,FRED:CPIAUCSL
1984-10,105.100,FRED:CPIAUCSL
1984-11,105.300,FRED:CPIAUCSL
1984-12,105.500,FRED:CPIAUCSL
1985-01,105.700,FRED:CPIAUCSL
1985-02,106.300,FRED:CPIAUCSL
1985-03,106.800,FRED:CPIAUCSL
1985-04,107.000,FRED:CPIAUCSL
1985-05,107.200,FRED:CPIAUCSL
1985-06,107.500,FRED:CPIAUCSL
1985-07,107.700,FRED:CPIAUCSL
1985-08,107.900,FRED:CPIAUCSL
1985-09,108.100,FRED:CPIAUCSL
1985-10,108.500,FRED:CPIAUCSL
1985-11,109.000,FRED:CPIAUCSL
1985-12,109.500,FRED:CPIAUCSL
1986-01,109.900,FRED:CPIAUCSL
1986-02,109.700,FRED:CPIAUCSL
1986-03,109.100,FRED:CPIAUCSL
1986-04,108.700,FRED:CPIAUCSL
1986-05,109.000,FRED:CPIAUCSL
1986-06,109.400,FRED:CPIAUCSL
1986-07,109.500,FRED:CPIAUCSL
1986-08,109.600,FRED:CPIAUCSL
1986-09,110.000,FRED:CPIAUCSL
1986-10,110.200,FRED:CPIAUCSL
1986-11,110.400,FRED:CPIAUCSL
1986-12,110.800,FRED:CPIAUCSL
1987-01,111.400,FRED:CPIAUCSL
1987-02,111.800,FRED:CPIAUCSL
1987-03,112.200,FRED:CPIAUCSL
1987-04,112.700,FRED:CPIAUCSL
1987-05,113.000,FRED:CPIAUCSL
1987-06,113.500,FRED:CPIAUCSL
1987-07,113.800,FRED:CPIAUCSL
1987-08,114.300,FRED:CPIAUCSL
1987-09,114.700,FRED:CPIAUCSL
1987-10,115.000,FRED:CPIAUCSL
1987-11,115.400,FRED:CPIAUCSL
1987-12,115.600,FRED:CPIAUCSL
1988-01,116.000,FRED:CPIAUCSL
1988-02,116.200,FRED:CPIAUCSL
1988-03,116.500,FRED:CPIAUCSL
1988-04,117.200,FRED:CPIAUCSL
1988-05,117.500,FRED:CPIAUCSL
1988-06,118.000,FRED:CPIAUCSL
1988-07,118.500,FRED:CPIAUCSL
1988-08,119.000,FRED:CPIAUCSL
1988-09,119.500,FRED:CPIAUCSL
1988-10,119.900,FRED:CPIAUCSL
1988-11,120.300,FRED:CPIAUCSL
1988-12,120.700,FRED:CPIAUCSL
1989-01,121.200,FRED:CPIAUCSL
1989-02,121.600,FRED:CPIAUCSL
1989-03,122.200,FRED:CPIAUCSL
1989-04,123.100,FRED:CPIAUCSL
1989-05,123.700,FRED:CPIAUCSL
1989-06,124.100,FRED:CPIAUCSL
1989-07,124.500,FRED:CPIAUCSL
1989-08,124.500,FRED:CPIAUCSL
1989-09,124.800,FRED:CPIAUCSL
1989-10,125.400,FRED:CPIAUCSL
1989-11,125.900,FRED:CPIAUCSL
1989-12,126.300,FRED:CPIAUCSL
1990-01,127.500,FRED:CPIAUCSL
1990-02,128.000,FRED:CPIAUCSL
1990-03,128.600,FRED:CPIAUCSL
1990-04,128.900,FRED:CPIAUCSL
1990-05,129.100,FRED:CPIAUCSL
1990-06,129.900,FRED:CPIAUCSL
1990-07,130.500,FRED:CPIAUCSL
1990-08,131.600,FRED:CPIAUCSL
1990-09,132.500,FRED:CPIAUCSL
1990-10,133.400,FRED:CPIAUCSL
1990-11,133.700,FRED:CPIAUCSL
1990-12,134.200,FRED:CPIAUCSL
1991-01,134.700,FRED:CPIAUCSL
1991-02,134.800,FRED:CPIAUCSL
1991-03,134.800,FRED:CPIAUCSL
1991-04,135.100,FRED:CPIAUCSL
1991-05,135.600,FRED:CPIAUCSL
1991-06,136.000,FRED:CPIAUCSL
1991-07,136.200,FRED:CPIAUCSL
1991-08,136.600,FRED:CPIAUCSL
1991-09,137.000,FRED:CPIAUCSL
1991-10,137.200,FRED:CPIAUCSL
1991-11,137.800,FRED:CPIAUCSL
1991-12,138.200,FRED:CPIAUCSL
1992-01,138.300,FRED:CPIAUCSL
1992-02,138.600,FRED:CPIAUCSL
1992-03,139.100,FRED:CPIAUCSL
1992-04,139.400,FRED:CPIAUCSL
1992-05,139.700,FRED:CPIAUCSL
1992-06,140.100,FRED:CPIAUCSL
1992-07,140.500,FRED:CPIAUCSL
1992-08,140.800,FRED:CPIAUCSL
1992-09,141.100,FRED:CPIAUCSL
1992-10,141.700,FRED:CPIAUCSL
1992-11,142.100,FRED:CPIAUCSL
1992-12,142.300,FRED:CPIAUCSL
1993-01,142.800,FRED:CPIAUCSL
1993-02,143.100,FRED:CPIAUCSL
1993-03,143.300,FRED:CPIAUCSL
1993-04,143.800,FRED:CPIAUCSL
1993-05,144.200,FRED:CPIAUCSL
1993-06,144.300,FRED:CPIAUCSL
1993-07,144.500,FRED:CPIAUCSL
1993-08,144.800,FRED:CPIAUCSL
1993-09,145.000,FRED:CPIAUCSL
1993-10,145.600,FRED:CPIAUCSL
1993-11,146.000,FRED:CPIAUCSL
1993-12,146.300,FRED:CPIAUCSL
1994-01,146.300,FRED:CPIAUCSL
1994-02,146.700,FRED:CPIAUCSL
1994-03,147.100,FRED:CPIAUCSL
1994-04,147.200,FRED:CPIAUCSL
1994-05,147.500,FRED:CPIAUCSL
1994-06,147.900,FRED:CPIAUCSL
1994-07,148.400,FRED:CPIAUCSL
1994-08,149.000,FRED:CPIAUCSL
1994-09,149.300,FRED:CPIAUCSL
1994-10,149.400,FRED:CPIAUCSL
1994-11,149.800,FRED:CPIAUCSL
1994-12,150.100,FRED:CPIAUCSL
1995-01,150.500,FRED:CPIAUCSL
1995-02,150.900,FRED:CPIAUCSL
1995-03,151.200,FRED:CPIAUCSL
1995-04,151.800,FRED:CPIAUCSL
1995-05,152.100,FRED:CPIAUCSL
1995-06,152.400,FRED:CPIAUCSL
1995-07,152.600,FRED:CPIAUCSL
1995-08,152.900,FRED:CPIAUCSL
1995-09,153.100,FRED:CPIAUCSL
1995-10,153.500,FRED:CPIAUCSL
1995-11,153.700,FRED:CPIAUCSL
1995-12,153.900,FRED:CPIAUCSL
1996-01,154.700,FRED:CPIAUCSL
1996-02,155.000,FRED:CPIAUCSL
1996-03,155.500,FRED:CPIAUCSL
1996-04,156.100,FRED:CPIAUCSL
1996-05,156.400,FRED:CPIAUCSL
1996-06,156.700,FRED:CPIAUCSL
1996-07,157.000,FRED:CPIAUCSL
1996-08,157.200,FRED:CPIAUCSL
1996-09,157.700,FRED:CPIAUCSL
1996-10,158.200,FRED:CPIAUCSL
1996-11,158.700,FRED:CPIAUCSL
1996-12,159.100,FRED:CPIAUCSL
1997-01,159.400,FRED:CPIAUCSL
1997-02,159.700,FRED:CPIAUCSL
1997-03,159.800,FRED:CPIAUCSL
1997-04,159.900,FRED:CPIAUCSL
1997-05,159.900,FRED:CPIAUCSL
1997-06,160.200,FRED:CPIAUCSL
1997-07,160.400,FRED:CPIAUCSL
1997-08,160.800,FRED:CPIAUCSL
1997-09,161.200,FRED:CPIAUCSL
1997-10,161.500,FRED:CPIAUCSL
1997-11,161.700,FRED:CPIAUCSL
1997-12,161.800,FRED:CPIAUCSL
1998-01,162.000,FRED:CPIAUCSL
1998-02,162.000,FRED:CPIAUCSL
1998-03,162.000,FRED:CPIAUCSL
1998-04,162.200,FRED:CPIAUCSL
1998-05,162.600,FRED:CPIAUCSL
1998-06,162.800,FRED:CPIAUCSL
1998-07,163.200,FRED:CPIAUCSL
1998-08,163.400,FRED:CPIAUCSL
1998-09,163.500,FRED:CPIAUCSL
1998-10,163.900,FRED:CPIAUCSL
1998-11,164.100,FRED:CPIAUCSL
1998-12,164.400,FRED:CPIAUCSL
1999-01,164.700,FRED:CPIAUCSL
1999-02,164.700,FRED:CPIAUCSL
1999-03,164.800,FRED:CPIAUCSL
1999-04,165.900,FRED:CPIAUCSL
1999-05,166.000,FRED:CPIAUCSL
1999-06,166.000,FRED:CPIAUCSL
1999-07,166.700,FRED:CPIAUCSL
1999-08,167.100,FRED:CPIAUCSL
1999-09,167.800,FRED:CPIAUCSL
1999-10,168.100,FRED:CPIAUCSL
1999-11,168.400,FRED:CPIAUCSL
1999-12,168.800,FRED:CPIAUCSL
2000-01,169.300,FRED:CPIAUCSL
2000-02,170.000,FRED:CPIAUCSL
2000-03,171.000,FRED:CPIAUCSL
2000-04,170.900,FRED:CPIAUCSL
2000-05,171.200,FRED:CPIAUCSL
2000-06,172.200,FRED:CPIAUCSL
2000-07,172.700,FRED:CPIAUCSL
2000-08,172.700,FRED:CPIAUCSL
2000-09,173.600,FRED:CPIAUCSL
2000-10,173.900,FRED:CPIAUCSL
2000-11,174.200,FRED:CPIAUCSL
2000-12,174.600,FRED:CPIAUCSL
2001-01,175.600,FRED:CPIAUCSL
2001-02,176.000,FRED:CPIAUCSL
2001-03,176.100,FRED:CPIAUCSL
2001-04,176.400,FRED:CPIAUCSL
2001-05,177.300,FRED:CPIAUCSL
2001-06,177.700,FRED:CPIAUCSL
2001-07,177.400,FRED:CPIAUCSL
2001-08,177.400,FRED:CPIAUCSL
2001-09,178.100,FRED:CPIAUCSL
2001-10,177.600,FRED:CPIAUCSL
2001-11,177.500,FRED:CPIAUCSL
2001-12,177.400,FRED:CPIAUCSL
2002-01,177.700,FRED:CPIAUCSL
2002-02,178.000,FRED:CPIAUCSL
2002-03,178.500,FRED:CPIAUCSL
2002-04,179.300,FRED:CPIAUCSL
2002-05,179.500,FRED:CPIAUCSL
2002-06,179.600,FRED:CPIAUCSL
2002-07,180.000,FRED:CPIAUCSL
2002-08,180.500,FRED:CPIAUCSL
2002-09,180.800,FRED:CPIAUCSL
2002-10,181.200,FRED:CPIAUCSL
2002-11,181.500,FRED:CPIAUCSL
2002-12,181.800,FRED:CPIAUCSL
2003-01,182.600,FRED:CPIAUCSL
2003-02,183.600,FRED:CPIAUCSL
2003-03,183.900,FRED:CPIAUCSL
2003-04,183.200,FRED:CPIAUCSL
2003-05,182.900,FRED:CPIAUCSL
2003-06,183.100,FRED:CPIAUCSL
2003-07,183.700,FRED:CPIAUCSL
2003-08,184.500,FRED:CPIAUCSL
2003-09,185.100,FRED:CPIAUCSL
2003-10,184.900,FRED:CPIAUCSL
2003-11,185.000,FRED:CPIAUCSL
2003-12,185.500,FRED:CPIAUCSL
2004-01,186.300,FRED:CPIAUCSL
2004-02,186.700,FRED:CPIAUCSL
2004-03,187.100,FRED:CPIAUCSL
2004-04,187.400,FRED:CPIAUCSL
2004-05,188.200,FRED:CPIAUCSL
2004-06,188.900,FRED:CPIAUCSL
2004-07,189.100,FRED:CPIAUCSL
2004-08,189.200,FRED:CPIAUCSL
2004-09,189.800,FRED:CPIAUCSL
2004-10,190.800,FRED:CPIAUCSL
2004-11,191.700,FRED:CPIAUCSL
2004-12,191.700,FRED:CPIAUCSL
2005-01,191.600,FRED:CPIAUCSL
2005-02,192.400,FRED:CPIAUCSL
2005-03,193.100,FRED:CPIAUCSL
2005-04,193.700,FRED:CPIAUCSL
2005-05,193.600,FRED:CPIAUCSL
2005-06,193.700,FRED:CPIAUCSL
2005-07,194.900,FRED:CPIAUCSL
2005-08,196.100,FRED:CPIAUCSL
2005-09,198.800,FRED:CPIAUCSL
2005-10,199.100,FRED:CPIAUCSL
2005-11,198.100,FRED:CPIAUCSL
2005-12,198.100,FRED:CPIAUCSL
2006-01,199.300,FRED:CPIAUCSL
2006-02,199.400,FRED:CPIAUCSL
2006-03,199.700,FRED:CPIAUCSL
2006-04,200.700,FRED:CPIAUCSL
2006-05,201.300,FRED:CPIAUCSL
2006-06,201.800,FRED:CPIAUCSL
2006-07,202.900,FRED:CPIAUCSL
2006-08,203.800,FRED:CPIAUCSL
2006-09,202.800,FRED:CPIAUCSL
2006-10,201.900,FRED:CPIAUCSL
2006-11,202.000,FRED:CPIAUCSL
2006-12,203.100,FRED:CPIAUCSL
2007-01,203.437,FRED:CPIAUCSL
2007-02,204.226,FRED:CPIAUCSL
2007-03,205.288,FRED:CPIAUCSL
2007-04,205.904,FRED:CPIAUCSL
2007-05,206.755,FRED:CPIAUCSL
2007-06,207.234,FRED:CPIAUCSL
2007-07,207.603,FRED:CPIAUCSL
2007-08,207.667,FRED:CPIAUCSL
2007-09,208.547,FRED:CPIAUCSL
2007-10,209.190,FRED:CPIAUCSL
2007-11,210.834,FRED:CPIAUCSL
2007-12,211.445,FRED:CPIAUCSL
2008-01,212.174,FRED:CPIAUCSL
2008-02,212.687,FRED:CPIAUCSL
2008-03,213.448,FRED:CPIAUCSL
2008-04,213.942,FRED:CPIAUCSL
2008-05,215.208,FRED:CPIAUCSL
2008-06,217.463,FRED:CPIAUCSL
2008-07,219.016,FRED:CPIAUCSL
2008-08,218.690,FRED:CPIAUCSL
2008-09,218.877,FRED:CPIAUCSL
2008-10,216.995,FRED:CPIAUCSL
2008-11,213.153,FRED:CPIAUCSL
2008-12,211.398,FRED:CPIAUCSL
2009-01,211.933,FRED:CPIAUCSL
2009-02,212.705,FRED:CPIAUCSL
2009-03,212.495,FRED:CPIAUCSL
2009-04,212.709,FRED:CPIAUCSL
2009-05,213.022,FRED:CPIAUCSL
2009-06,214.790,FRED:CPIAUCSL
2009-07,214.726,FRED:CPIAUCSL
2009-08,215.445,FRED:CPIAUCSL
2009-09,215.861,FRED:CPIAUCSL
2009-10,216.509,FRED:CPIAUCSL
2009-11,217.234,FRED:CPIAUCSL
2009-12,217.347,FRED:CPIAUCSL
2010-01,217.488,FRED:CPIAUCSL
2010-02,217.281,FRED:CPIAUCSL
2010-03,217.353,FRED:CPIAUCSL
2010-04,217.403,FRED:CPIAUCSL
2010-05,217.290,FRED:CPIAUCSL
2010-06,217.199,FRED:CPIAUCSL
2010-07,217.605,FRED:CPIAUCSL
2010-08,217.923,FRED:CPIAUCSL
2010-09,218.275,FRED:CPIAUCSL
2010-10,219.035,FRED:CPIAUCSL
2010-11,219.590,FRED:CPIAUCSL
2010-12,220.472,FRED:CPIAUCSL
2011-01,221.187,FRED:CPIAUCSL
2011-02,221.898,FRED:CPIAUCSL
2011-03,223.046,FRED:CPIAUCSL
2011-04,224.093,FRED:CPIAUCSL
2011-05,224.806,FRED:CPIAUCSL
2011-06,224.806,FRED:CPIAUCSL
2011-07,225.395,FRED:CPIAUCSL
2011-08,226.106,FRED:CPIAUCSL
2011-09,226.597,FRED:CPIAUCSL
2011-10,226.750,FRED:CPIAUCSL
2011-11,227.169,FRED:CPIAUCSL
2011-12,227.223,FRED:CPIAUCSL
2012-01,227.842,FRED:CPIAUCSL
2012-02,228.329,FRED:CPIAUCSL
2012-03,228.807,FRED:CPIAUCSL
2012-04,229.187,FRED:CPIAUCSL
2012-05,228.713,FRED:CPIAUCSL
2012-06,228.524,FRED:CPIAUCSL
2012-07,228.590,FRED:CPIAUCSL
2012-08,229.918,FRED:CPIAUCSL
2012-09,231.015,FRED:CPIAUCSL
2012-10,231.638,FRED:CPIAUCSL
2012-11,231.249,FRED:CPIAUCSL
2012-12,231.221,FRED:CPIAUCSL
2013-01,231.679,FRED:CPIAUCSL
2013-02,232.937,FRED:CPIAUCSL
2013-03,232.282,FRED:CPIAUCSL
2013-04,231.797,FRED:CPIAUCSL
2013-05,231.893,FRED:CPIAUCSL
2013-06,232.445,FRED:CPIAUCSL
2013-07,232.900,FRED:CPIAUCSL
2013-08,233.456,FRED:CPIAUCSL
2013-09,233.544,FRED:CPIAUCSL
2013-10,233.669,FRED:CPIAUCSL
2013-11,234.100,FRED:CPIAUCSL
2013-12,234.719,FRED:CPIAUCSL
2014-01,235.288,FRED:CPIAUCSL
2014-02,235.547,FRED:CPIAUCSL
2014-03,236.028,FRED:CPIAUCSL
2014-04,236.468,FRED:CPIAUCSL
2014-05,236.918,FRED:CPIAUCSL
2014-06,237.231,FRED:CPIAUCSL
2014-07,237.498,FRED:CPIAUCSL
2014-08,237.460,FRED:CPIAUCSL
2014-09,237.477,FRED:CPIAUCSL
2014-10,237.430,FRED:CPIAUCSL
2014-11,236.983,FRED:CPIAUCSL
2014-12,236.252,FRED:CPIAUCSL
2015-01,234.747,FRED:CPIAUCSL
2015-02,235.342,FRED:CPIAUCSL
2015-03,235.976,FRED:CPIAUCSL
2015-04,236.222,FRED:CPIAUCSL
2015-05,237.001,FRED:CPIAUCSL
2015-06,237.657,FRED:CPIAUCSL
2015-07,238.034,FRED:CPIAUCSL
2015-08,238.033,FRED:CPIAUCSL
2015-09,237.498,FRED:CPIAUCSL
2015-10,237.733,FRED:CPIAUCSL
2015-11,238.017,FRED:CPIAUCSL
2015-12,237.761,FRED:CPIAUCSL
2016-01,237.652,FRED:CPIAUCSL
2016-02,237.336,FRED:CPIAUCSL
2016-03,238.080,FRED:CPIAUCSL
2016-04,238.992,FRED:CPIAUCSL
2016-05,239.557,FRED:CPIAUCSL
2016-06,240.222,FRED:CPIAUCSL
2016-07,240.101,FRED:CPIAUCSL
2016-08,240.545,FRED:CPIAUCSL
2016-09,241.176,FRED:CPIAUCSL
2016-10,241.741,FRED:CPIAUCSL
2016-11,242.026,FRED:CPIAUCSL
2016-12,242.637,FRED:CPIAUCSL
2017-01,243.618,FRED:CPIAUCSL
2017-02,244.006,FRED:CPIAUCSL
2017-03,243.892,FRED:CPIAUCSL
2017-04,244.193,FRED:CPIAUCSL
2017-05,244.004,FRED:CPIAUCSL
2017-06,244.163,FRED:CPIAUCSL
2017-07,244.243,FRED:CPIAUCSL
2017-08,245.183,FRED:CPIAUCSL
2017-09,246.435,FRED:CPIAUCSL
2017-10,246.626,FRED:CPIAUCSL
2017-11,247.284,FRED:CPIAUCSL
2017-12,247.805,FRED:CPIAUCSL
2018-01,248.859,FRED:CPIAUCSL
2018-02,249.529,FRED:CPIAUCSL
2018-03,249.577,FRED:CPIAUCSL
2018-04,250.227,FRED:CPIAUCSL
2018-05,250.792,FRED:CPIAUCSL
2018-06,251.018,FRED:CPIAUCSL
2018-07,251.214,FRED:CPIAUCSL
2018-08,251.663,FRED:CPIAUCSL
2018-09,252.182,FRED:CPIAUCSL
2018-10,252.772,FRED:CPIAUCSL
2018-11,252.594,FRED:CPIAUCSL
2018-12,252.767,FRED:CPIAUCSL
2019-01,252.561,FRED:CPIAUCSL
2019-02,253.319,FRED:CPIAUCSL
2019-03,254.277,FRED:CPIAUCSL
2019-04,255.233,FRED:CPIAUCSL
2019-05,255.296,FRED:CPIAUCSL
2019-06,255.213,FRED:CPIAUCSL
2019-07,255.802,FRED:CPIAUCSL
2019-08,256.036,FRED:CPIAUCSL
2019-09,256.430,FRED:CPIAUCSL
2019-10,257.155,FRED:CPIAUCSL
2019-11,257.879,FRED:CPIAUCSL
2019-12,258.630,FRED:CPIAUCSL
2020-01,259.127,FRED:CPIAUCSL
2020-02,259.250,FRED:CPIAUCSL
2020-03,258.076,FRED:CPIAUCSL
2020-04,256.032,FRED:CPIAUCSL
2020-05,255.802,FRED:CPIAUCSL
2020-06,257.042,FRED:CPIAUCSL
2020-07,258.352,FRED:CPIAUCSL
2020-08,259.316,FRED:CPIAUCSL
2020-09,259.997,FRED:CPIAUCSL
2020-10,260.319,FRED:CPIAUCSL
2020-11,260.911,FRED:CPIAUCSL
2020-12,262.045,FRED:CPIAUCSL
2021-01,262.687,FRED:CPIAUCSL
2021-02,263.579,FRED:CPIAUCSL
2021-03,264.961,FRED:CPIAUCSL
2021-04,266.614,FRED:CPIAUCSL
2021-05,268.383,FRED:CPIAUCSL
2021-06,270.654,FRED:CPIAUCSL
2021-07,271.903,FRED:CPIAUCSL
2021-08,272.676,FRED:CPIAUCSL
2021-09,273.910,FRED:CPIAUCSL
2021-10,276.550,FRED:CPIAUCSL
2021-11,278.919,FRED:CPIAUCSL
2021-12,280.845,FRED:CPIAUCSL
2022-01,282.543,FRED:CPIAUCSL
2022-02,284.500,FRED:CPIAUCSL
2022-03,287.674,FRED:CPIAUCSL
2022-04,288.561,FRED:CPIAUCSL
2022-05,291.298,FRED:CPIAUCSL
2022-06,294.957,FRED:CPIAUCSL
2022-07,294.913,FRED:CPIAUCSL
2022-08,295.097,FRED:CPIAUCSL
2022-09,296.349,FRED:CPIAUCSL
2022-10,298.007,FRED:CPIAUCSL
2022-11,298.786,FRED:CPIAUCSL
2022-12,298.832,FRED:CPIAUCSL
2023-01,300.420,FRED:CPIAUCSL
2023-02,301.450,FRED:CPIAUCSL
2023-03,301.821,FRED:CPIAUCSL
2023-04,302.845,FRED:CPIAUCSL
2023-05,303.334,FRED:CPIAUCSL
2023-06,304.014,FRED:CPIAUCSL
2023-07,304.609,FRED:CPIAUCSL
2023-08,306.082,FRED:CPIAUCSL
2023-09,307.276,FRED:CPIAUCSL
2023-10,307.696,FRED:CPIAUCSL
2023-11,308.148,FRED:CPIAUCSL
2023-12,308.741,FRED:CPIAUCSL
2024-01,309.698,FRED:CPIAUCSL
2024-02,310.967,FRED:CPIAUCSL
2024-03,312.345,FRED:CPIAUCSL
2024-04,313.023,FRED:CPIAUCSL
2024-05,313.175,FRED:CPIAUCSL
2024-06,313.044,FRED:CPIAUCSL
2024-07,313.569,FRED:CPIAUCSL
2024-08,314.062,FRED:CPIAUCSL
2024-09,314.732,FRED:CPIAUCSL
2024-10,315.631,FRED:CPIAUCSL
2024-11,316.528,FRED:CPIAUCSL
2024-12,317.604,FRED:CPIAUCSL
2025-01,318.961,FRED:CPIAUCSL
2025-02,319.679,FRED:CPIAUCSL
2025-03,319.785,FRED:CPIAUCSL
2025-04,320.302,FRED:CPIAUCSL
2025-05,320.620,FRED:CPIAUCSL
2025-06,321.435,FRED:CPIAUCSL
2025-07,322.169,FRED:CPIAUCSL
2025-08,323.291,FRED:CPIAUCSL
2025-09,324.245,FRED:CPIAUCSL
2025-11,325.063,FRED:CPIAUCSL
2025-12,326.031,FRED:CPIAUCSL
2026-01,326.588,FRED:CPIAUCSL
2026-02,327.460,FRED:CPIAUCSL
2026-03,330.293,FRED:CPIAUCSL
